Week,Month,Date,Store Name,Store ID,City,Operation Time,Peak Time,Completed Orders,Failed Orders,Net Revenue,Gross Revenue,Expenses,Customer Actual Price Payed,Average Actual Price Payed,Average Revenue,Products Total Price,Package Revenue,Self-Delivery Fee,Other Revenues,Comission,Promotion Subsidies Total,Voucher Subsidies,Delivery Subsidies,AI Spend-Save Subsidy,AI Service Fee,Basic Logistic Fee,Other Service Fees,Store Canceled Orders,Clicks,Visitors,Order Conversion Rate,New Customer Conversion Rate,Returners Conversion Rate,Participating Promotions,Promotions Number in orders,Promotions per order,Spend Save Promotion Count,Super User promotion count,Delivery promotion count,Input/Output Ratio,Total Subsidy,Eleme Subsidy,Third-party subsidy,Store Subsidy (Total),Store Subsidy(Not Incl. Spend Save),Promotion Rate (Total),Promotion Rate (Not incl. spend save),Order Count,Repurchase Count,Repurchase Rate,New Customer Count,Returners Count,Active Product Count,Purchased Products Count,86 Product Count,New Products Count,Promotional Product Count,Negative Revew Product Count,Complaint Order Count,Complaint Order ID,Overtime Order Count,Overtime Order ID,Pushed Order Count,Refused Orders Count
24,6,2021/6/19,6 Gubei,170435679,上海,12小时1分,5小时0分,31,1,2371.19,3201.5,830.31,2895.6,93.41,76.49,3105,96.5,0,0,522.91,92.8,40,80.6,89.0,0,0,5.0,0,150,113,0.2655,0.0921,0.6216,8,31,1.0,26,10,26,9.58,514.4,212.0,0,302.4,168.4,0.09,0.16,30,0,0,7,23,125,31,0,3,38,0,0,,0,,0,0
24,6,2021/6/19,5 TS,170483226,上海,12小时1分,5小时0分,33,0,2045.08,2843.5,798.42,2547.4,77.19,61.97,2752,91.5,0,0,480.02,117.1,56,85.8,58.5,0,0,1.0,0,163,127,0.2598,0.1264,0.55,5,33,1.0,24,14,25,8.03,517.0,199.6,0,317.4,222.9,0.1,0.16,33,0,0,11,22,165,32,0,2,33,0,0,,2,"50,288,984,403,591,100,000,000,000,000,000,000,000",0,0
24,6,2021/6/19,7 Magnolia,2000261656,上海,11小时1分,4小时30分,30,1,1810.55,2516.0,705.45,2225.7,74.19,60.35,2438,78.0,0,0,424.85,71.6,48,78.0,82.5,0,0,0.5,0,152,119,0.2521,0.1264,0.5938,6,30,1.0,27,12,26,7.95,476.3,196.2,0,280.1,156.6,0.1,0.2,30,0,0,11,19,101,24,0,4,31,0,0,,1,5.03E+18,0,0
24,6,2021/6/19,2 Fengxian,440866,上海,12小时1分,5小时0分,24,0,1425.8,1972.5,546.7,1764.5,73.52,59.41,1908,64.5,0,0,334.6,81.2,16,62.4,52.0,0,0,0.5,0,113,90,0.2667,0.1111,0.5,10,24,1.0,20,4,19,8.34,351.5,139.9,0,211.6,106.6,0.1,0.15,24,0,0,6,18,156,21,4,5,41,0,0,,0,,0,0
24,6,2021/6/19,8 Julu,500151743,上海,12小时1分,5小时0分,39,0,2859.0,4027.0,1168.0,3475.7,89.12,73.31,3899,128.0,0,0,627.6,313.0,36,101.4,89.5,0,0,0.5,0,165,134,0.2836,0.1277,0.65,8,39,1.0,27,9,36,6.44,774.2,234.3,0,539.9,292.4,0.13,0.15,38,0,0,12,26,127,31,0,5,39,0,0,,5,"50,289,309,771,857,900,000,000,000,000,000,000,000,000,000,000,000,000,000,000,000,000,000,000,000,000,000,000,000,000,000,000",0,0
24,6,2021/6/19,QD 1,501475047,青岛,11小时1分,5小时0分,11,1,719.88,964.0,244.12,886.1,80.55,65.44,940,24.0,0,0,137.12,61.0,24,22.0,0.0,0,0,0.0,0,123,99,0.1111,0.044,0.875,6,11,1.0,3,4,11,8.28,115.1,8.1,0,107.0,96.0,0.11,0.12,11,0,0,4,7,123,18,0,2,33,1,0,,0,,0,0
24,6,2021/6/19,9 CS,501879439,上海,12小时1分,5小时0分,18,0,926.26,1287.0,360.74,1179.0,65.5,51.46,1245,42.0,0,0,203.34,71.0,28,32.0,26.4,0,0,0.0,0,173,133,0.1353,0.0973,0.35,8,16,0.8889,9,7,16,6.76,207.0,49.6,0,157.4,71.0,0.12,0.12,18,0,0,11,7,77,16,0,1,39,0,0,,2,"50,289,460,705,062,000,000,000,000,000,000,000,000",0,0
24,6,2021/6/19,10 CX,502017105,上海,12小时1分,5小时0分,16,1,828.66,1201.0,372.34,1013.5,63.34,51.79,1167,34.0,0,0,181.96,92.0,36,41.6,20.28,0,0,0.5,0,263,218,0.0734,0.0498,0.3529,8,16,1.0,13,9,16,5.34,287.0,97.12,0,189.88,117.6,0.15,0.23,16,0,0,10,6,72,10,0,3,39,0,0,,2,"50,289,252,130,963,500,000,000,000,000,000,000,000",1,0
24,6,2021/6/19,4 Zunyi,777435,上海,12小时1分,5小时0分,34,1,2117.9,2875.0,757.1,2614.7,76.9,62.29,2790,85.0,0,0,466.4,102.0,56,83.2,49.5,0,0,0.0,0,214,156,0.2115,0.0926,0.4792,8,33,0.9706,22,14,28,8.8,457.1,166.4,0,290.7,219.2,0.1,0.13,33,0,0,10,23,135,24,5,3,39,0,0,,5,"50,289,487,312,887,900,000,000,000,000,000,000,000,000,000,000,000,000,000,000,000,000,000,000,000,000,000,000,000,000,000,000",0,0
24,6,2021/6/19,3 Pudong,927104,上海,12小时1分,5小时0分,50,0,3027.7,4236.0,1208.3,3740.0,74.8,60.55,4104,132.0,0,0,664.5,186.3,84,130.0,143.5,0,0,0.0,0,327,247,0.1984,0.1053,0.5088,9,50,1.0,40,21,29,6.88,905.8,362.0,0,543.8,341.3,0.12,0.16,49,0,0,20,29,170,35,8,3,38,0,0,,4,"5,028,901,506,462,410,000,000,000,000,000,000,000,000,000,000,000,000,000,000,000,000,000,000,000,000",0,0
24,6,2021/6/20,6 Gubei,170435679,上海,12小时1分,5小时0分,35,0,2445.04,3311.5,866.46,2983.4,85.24,69.86,3206,105.5,0,0,536.66,84.8,44,91.0,110.0,0,0,0.0,0,138,109,0.3211,0.1111,0.7297,8,35,1.0,31,11,31,9.05,583.8,254.0,0,329.8,170.8,0.09,0.16,35,0,0,8,27,125,30,0,3,38,0,0,,3,"502,898,799,176,090,000,000,000,000,000,000,000,000,000,000,000,000,000,000",0,0
24,6,2021/6/20,5 TS,170483226,上海,11小时49分,4小时50分,28,0,1656.12,2300.5,644.38,2065.0,73.75,59.15,2225,75.5,0,0,389.48,77.1,36,72.8,65.0,0,0,4.0,0,134,104,0.2692,0.1,0.6176,5,28,1.0,24,9,23,8.23,430.5,179.6,0,250.9,148.9,0.1,0.2,28,0,0,7,21,165,26,0,2,33,0,0,,1,5.03E+18,0,0
24,6,2021/6/20,7 Magnolia,2000261656,上海,10小时40分,4小时30分,34,0,2207.08,3070.5,863.42,2696.4,79.31,64.91,2975,95.5,0,0,518.12,127.4,24,88.4,104.0,0,0,1.5,0,124,89,0.3708,0.2203,0.6667,6,34,1.0,26,6,32,7.84,589.8,246.0,0,343.8,200.8,0.1,0.12,33,0,0,13,20,101,33,0,4,31,0,0,,3,"502,903,340,447,190,000,000,000,000,000,000,000,000,000,000,000,000,000,000",0,0
24,6,2021/6/20,2 Fengxian,440866,上海,12小时1分,5小时0分,37,0,2686.95,3714.0,1027.05,3345.7,90.42,72.62,3595,119.0,0,0,632.85,174.0,24,96.2,90.0,0,0,10.0,0,141,111,0.3333,0.1833,0.5098,10,37,1.0,30,6,29,8.71,616.2,232.0,0,384.2,215.2,0.1,0.17,37,0,0,11,26,156,37,4,5,41,0,0,,0,,0,0
24,6,2021/6/20,8 Julu,500151743,上海,12小时1分,5小时0分,28,0,1650.67,2320.5,669.83,1976.1,70.58,58.95,2247,73.5,0,0,362.53,116.0,32,72.8,85.5,0,0,1.0,0,111,89,0.3146,0.1429,0.6061,8,28,1.0,24,8,26,6.45,510.0,203.7,0,306.3,144.8,0.12,0.14,28,0,0,8,20,127,22,0,5,39,0,0,,3,"502,905,080,775,480,000,000,000,000,000,000,000,000,000,000,000,000,000,000",0,0
24,6,2021/6/20,QD 1,501475047,青岛,11小时1分,5小时0分,10,0,660.24,885.0,224.76,811.5,81.15,66.02,870,15.0,0,0,125.76,61.0,18,20.0,0.0,0,0,0.0,0,158,126,0.0714,0.0263,0.5,6,10,1.0,3,4,10,8.2,110.0,11.0,0,99.0,88.0,0.11,0.13,9,0,0,3,6,123,12,0,2,33,0,0,,0,,0,0
24,6,2021/6/20,9 CS,501879439,上海,12小时1分,5小时0分,17,0,1014.42,1406.5,392.08,1294.5,76.15,59.67,1362,44.5,0,0,222.68,95.0,24,34.0,16.4,0,0,0.0,0,165,144,0.1181,0.048,0.5789,8,17,1.0,5,6,17,7.64,204.0,34.6,0,169.4,114.0,0.11,0.11,17,0,0,6,11,77,19,0,1,39,0,0,,0,,0,0
24,6,2021/6/20,10 CX,502017105,上海,12小时1分,5小时0分,21,0,1356.99,1908.0,551.01,1645.9,78.38,64.62,1845,63.0,0,0,297.81,132.0,32,54.6,34.6,0,0,0.0,0,226,179,0.1117,0.0602,0.7692,8,21,1.0,19,8,21,6.5,388.1,134.9,0,253.2,138.6,0.12,0.21,20,0,0,10,10,72,20,0,3,39,0,0,,3,"502,901,998,518,203,000,000,000,000,000,000,000,000,000,000,000,000,000,000",0,0
24,6,2021/6/20,4 Zunyi,777435,上海,12小时1分,5小时0分,34,0,1931.06,2714.5,783.44,2361.7,69.46,56.8,2633,81.5,0,0,429.04,132.0,52,88.4,80.5,0,0,1.5,0,209,148,0.223,0.0722,0.5098,8,34,1.0,22,13,25,6.69,576.0,223.1,0,352.9,250.4,0.12,0.17,33,0,0,7,26,135,27,5,3,39,0,0,,4,"5,029,052,090,381,490,000,000,000,000,000,000,000,000,000,000,000,000,000,000,000,000,000,000,000,000",0,0
24,6,2021/6/20,3 Pudong,927104,上海,12小时1分,5小时0分,52,0,3238.11,4526.5,1288.39,3929.6,75.57,62.27,4383,143.5,0,0,710.89,188.3,96,135.2,157.0,0,0,1.0,0,296,218,0.2385,0.1227,0.5818,9,52,1.0,43,24,31,6.82,1004.7,428.2,0,576.5,352.5,0.12,0.2,52,0,0,20,32,170,27,8,3,38,0,0,,2,"50,290,437,662,818,500,000,000,000,000,000,000,000",0,0
25,6,2021/6/21,6 Gubei,170435679,上海,11小时34分,5小时0分,26,0,1158.46,1641.0,482.54,1388.6,53.41,44.56,1588,53.0,0,0,254.24,39.2,44,67.6,77.5,0,0,0.0,0,113,91,0.2857,0.1333,0.5806,8,26,1.0,23,11,26,6.08,407.9,179.6,0,228.3,122.8,0.13,0.19,26,0,0,8,18,125,16,0,3,38,0,0,,1,5.03E+18,0,0
25,6,2021/6/21,5 TS,170483226,上海,12小时1分,5小时0分,37,0,2020.15,2890.0,869.85,2563.8,69.29,54.6,2793,97.0,0,0,475.85,142.3,56,96.2,96.0,0,0,3.5,0,189,136,0.2721,0.1084,0.5283,5,37,1.0,30,14,29,6.57,609.1,218.6,0,390.5,252.5,0.12,0.19,37,0,0,9,28,165,33,0,2,33,0,0,,1,5.03E+18,0,0
25,6,2021/6/21,7 Magnolia,2000261656,上海,11小时1分,4小时30分,47,1,2412.07,3454.0,1041.93,2944.4,62.65,51.32,3347,107.0,0,0,567.23,146.0,60,122.2,145.5,0,0,1.0,0,122,93,0.4946,0.1628,0.78,6,47,1.0,42,15,45,6.22,804.7,331.0,0,473.7,271.2,0.13,0.22,46,0,0,7,39,101,24,0,4,31,0,0,,0,,0,0
25,6,2021/6/21,2 Fengxian,440866,上海,12小时1分,5小时0分,32,0,1833.19,2589.5,756.31,2254.1,70.44,57.29,2511,78.5,0,0,430.41,118.2,40,83.2,83.0,0,0,1.5,0,126,101,0.3168,0.1525,0.5476,10,32,1.0,26,10,25,6.95,528.5,204.1,0,324.4,174.4,0.12,0.19,32,0,0,9,23,156,25,4,5,41,0,0,,0,,0,0
25,6,2021/6/21,8 Julu,500151743,上海,12小时1分,5小时0分,51,2,3497.79,4873.5,1375.71,4257.6,83.48,68.58,4725,148.5,0,0,767.91,307.2,56,132.6,111.0,0,0,1.0,0,164,120,0.425,0.2727,0.6111,8,51,1.0,39,14,49,7.02,903.0,296.2,0,606.8,349.8,0.12,0.16,51,0,0,18,33,127,37,0,5,39,0,0,,1,5.03E+18,0,0
25,6,2021/6/21,QD 1,501475047,青岛,11小时1分,5小时0分,6,0,373.8,498.0,124.2,466.7,77.78,62.3,490,8.0,0,0,71.2,37.0,4,12.0,0.0,0,0,0.0,0,118,96,0.0625,0.0118,0.4545,6,6,1.0,2,1,6,8.81,55.0,2.0,0,53.0,46.0,0.1,0.12,6,0,0,1,5,123,10,0,2,33,0,0,,3,"215,332,773,363,095,000,000,000,000,000,000,000,000,000,000,000,000,000,000",0,0
25,6,2021/6/21,9 CS,501879439,上海,12小时1分,5小时0分,23,3,1076.84,1602.5,447.66,1491.5,64.85,46.82,1553,49.5,0,0,253.96,96.0,28,46.0,23.2,0,0,0.5,0,173,132,0.1591,0.0667,0.5185,8,23,1.0,10,7,23,7.72,242.0,48.8,0,193.2,101.0,0.11,0.11,21,0,0,7,14,77,15,0,1,39,0,0,,3,"502,910,341,281,616,000,000,000,000,000,000,000,000,000,000,000,000,000,000",0,0
25,6,2021/6/21,10 CX,502017105,上海,12小时1分,5小时0分,18,0,872.15,1314.0,441.85,1083.4,60.19,48.45,1273,41.0,0,0,193.44,149.0,36,46.8,16.61,0,0,0.0,0,218,178,0.1011,0.0385,0.5455,8,18,1.0,11,9,18,4.36,342.1,93.69,0,248.41,191.8,0.17,0.26,18,0,0,6,12,72,17,0,3,39,0,0,,0,,0,0
25,6,2021/6/21,4 Zunyi,777435,上海,12小时1分,5小时0分,42,0,2028.04,2826.5,798.46,2466.4,58.72,48.29,2730,96.5,0,0,446.76,59.0,56,109.2,120.0,0,0,7.5,0,189,140,0.3,0.131,0.5536,8,42,1.0,38,14,29,7.17,629.0,284.8,0,344.2,186.2,0.11,0.22,42,0,0,11,31,135,30,5,3,39,1,0,,5,"50,290,982,352,834,300,000,000,000,000,000,000,000,000,000,000,000,000,000,000,000,000,000,000,000,000,000,000,000,000,000,000",0,0
25,6,2021/6/21,3 Pudong,927104,上海,10小时55分,3小时54分,51,1,2877.88,4000.0,1122.12,3539.5,69.4,56.43,3874,126.0,0,0,631.72,160.3,68,132.6,129.0,0,0,0.5,1,247,197,0.2538,0.0923,0.5672,9,51,1.0,38,17,35,7.22,839.8,349.9,0,489.9,309.9,0.11,0.17,50,0,0,12,38,170,37,8,3,38,0,0,,4,"5,029,127,426,532,110,000,000,000,000,000,000,000,000,000,000,000,000,000,000,000,000,000,000,000,000",0,1
25,6,2021/6/22,6 Gubei,170435679,上海,11小时15分,5小时0分,34,1,1753.14,2503.5,708.62,2138.5,62.9,51.56,2423,80.5,0,0,393.92,64.2,44,91.0,115.5,0,0,0.0,0,162,116,0.2845,0.1343,0.4898,8,34,1.0,32,10,31,7.06,552.2,249.1,0,303.1,143.6,0.11,0.18,33,0,0,9,24,125,26,0,3,38,0,0,,1,5.03E+18,0,0
25,6,2021/6/22,5 TS,170483226,上海,12小时1分,5小时0分,50,0,2378.43,3443.0,1064.57,2934.1,58.68,47.57,3334,109.0,0,0,558.37,184.2,84,130.0,106.5,0,0,1.5,0,198,143,0.3497,0.1609,0.6429,5,50,1.0,37,21,42,5.81,826.3,321.6,0,504.7,354.2,0.13,0.2,50,0,0,14,36,165,25,0,2,33,0,0,,5,"50,291,785,328,428,100,000,000,000,000,000,000,000,000,000,000,000,000,000,000,000,000,000,000,000,000,000,000,000,000,000,000",0,0
25,6,2021/6/22,7 Magnolia,2000261656,上海,10小时37分,4小时30分,41,1,2475.06,3387.5,912.44,3102.3,75.67,60.37,3280,107.5,0,0,580.64,62.2,44,106.6,119.0,0,0,0.0,0,150,120,0.3417,0.1846,0.5273,6,41,1.0,38,11,37,9.35,596.5,264.7,0,331.8,154.8,0.09,0.19,41,0,0,12,29,101,28,0,4,31,0,0,,3,"502,922,132,278,837,000,000,000,000,000,000,000,000,000,000,000,000,000,000",0,0
25,6,2021/6/22,2 Fengxian,440866,上海,12小时1分,5小时0分,42,0,2326.93,3297.0,970.07,2876.1,68.48,55.4,3184,113.0,0,0,548.87,160.0,44,109.2,107.0,0,0,1.0,0,152,128,0.3203,0.0667,0.6792,10,42,1.0,37,11,36,6.84,671.2,251.0,0,420.2,218.2,0.12,0.2,41,0,0,5,36,156,29,4,5,41,0,0,,0,,0,0
25,6,2021/6/22,8 Julu,500151743,上海,12小时1分,5小时0分,57,1,3334.52,4796.5,1420.98,4118.5,72.25,58.5,4657,139.5,0,0,743.58,334.2,44,148.2,138.5,0,0,12.5,0,173,148,0.3784,0.1685,0.6949,8,57,1.0,41,11,54,6.19,1025.9,361.0,0,664.9,370.4,0.13,0.15,56,0,0,15,41,120,34,0,4,34,0,0,,1,5.03E+18,0,0
25,6,2021/6/22,QD 1,501475047,青岛,11小时1分,5小时0分,5,0,290.64,387.0,96.36,360.5,72.1,58.13,379,8.0,0,0,55.36,19.0,12,10.0,0.0,0,0,0.0,0,156,135,0.037,0.0305,0.25,6,5,1.0,2,3,5,8.79,45.0,4.0,0,41.0,32.0,0.1,0.16,5,0,0,4,1,123,7,0,2,33,0,0,,0,,0,0
25,6,2021/6/22,9 CS,501879439,上海,12小时1分,5小时0分,20,0,1081.05,1520.0,438.95,1404.0,70.2,54.05,1477,43.0,0,0,240.05,100.0,32,30.0,24.4,0,0,12.5,0,205,167,0.1198,0.094,0.3333,8,20,1.0,10,8,15,7.53,243.0,56.6,0,186.4,96.0,0.11,0.11,20,0,0,14,6,77,14,0,1,39,0,0,,1,5.03E+18,0,0
25,6,2021/6/22,10 CX,502017105,上海,12小时1分,5小时0分,18,0,947.19,1372.0,424.81,1184.4,65.8,52.62,1328,44.0,0,0,209.55,118.0,32,46.8,17.96,0,0,0.5,0,286,233,0.0773,0.034,0.4074,8,18,1.0,12,8,18,5.52,302.1,87.34,0,214.76,146.8,0.14,0.21,18,0,0,7,11,72,15,0,3,39,0,0,,2,"50,291,735,162,287,500,000,000,000,000,000,000,000",0,0
25,6,2021/6/22,4 Zunyi,777435,上海,12小时1分,5小时0分,38,0,2022.51,2858.5,835.99,2464.9,64.87,53.22,2762,96.5,0,0,446.69,122.0,68,98.8,99.0,0,0,1.5,0,208,153,0.2484,0.1089,0.5192,8,38,1.0,27,17,31,6.36,638.2,250.4,0,387.8,261.8,0.13,0.2,38,0,0,11,27,135,29,5,3,39,0,0,,8,"50,291,778,280,908,300,000,000,000,000,000,000,000,000,000,000,000,000,000,000,000,000,000,000,000,000,000,000,000,000,000,000,000,000,000,000,000,000,000,000,000,000,000,000,000,000,000,000,000,000,000",0,0
25,6,2021/6/22,3 Pudong,927104,上海,12小时1分,5小时0分,74,2,4641.03,6579.5,1871.67,5791.8,78.27,62.72,6384,195.5,0,0,1033.97,338.8,112,192.4,192.5,0,0,2.0,0,433,336,0.2173,0.1089,0.5227,9,74,1.0,58,28,52,6.93,1346.3,510.6,0,835.7,564.2,0.12,0.15,73,0,0,27,46,170,37,8,3,38,1,0,,5,"50,292,100,999,717,500,000,000,000,000,000,000,000,000,000,000,000,000,000,000,000,000,000,000,000,000,000,000,000,000,000,000",0,0
25,6,2021/6/23,6 Gubei,170435679,上海,11小时0分,4小时59分,21,0,1295.34,1719.5,465.9,1600.4,76.21,61.68,1665,54.5,0,0,276.9,41.4,24,54.6,61.0,0,0,8.0,0,100,80,0.25,0.0577,0.6071,8,21,1.0,18,6,15,8.84,335.4,154.4,0,181.0,89.0,0.09,0.16,20,0,0,3,17,122,16,0,3,34,0,0,,1,5.03E+18,0,0
25,6,2021/6/23,5 TS,170483226,上海,12小时1分,5小时0分,52,2,2975.25,4303.5,1266.37,3713.0,71.4,57.22,4170,133.5,0,0,715.17,206.4,76,137.8,124.5,0,0,6.5,1,204,147,0.3605,0.1579,0.7308,5,52,1.0,43,19,41,6.93,858.3,322.2,0,536.1,346.6,0.12,0.22,53,0,0,15,38,163,32,0,2,33,0,0,,8,"50,293,228,168,586,100,000,000,000,000,000,000,000,000,000,000,000,000,000,000,000,000,000,000,000,000,000,000,000,000,000,000,000,000,000,000,000,000,000,000,000,000,000,000,000,000,000,000,000,000,000",0,0
25,6,2021/6/23,7 Magnolia,2000261656,上海,11小时1分,4小时30分,30,0,1724.06,2368.0,643.94,2126.6,70.89,57.47,2297,71.0,0,0,404.44,46.0,32,78.0,83.5,0,0,0.0,0,100,87,0.3448,0.0682,0.6279,6,30,1.0,28,8,29,8.88,413.9,174.4,0,239.5,120.0,0.09,0.18,30,0,0,3,27,101,19,0,4,31,0,0,,3,"502,926,293,992,243,000,000,000,000,000,000,000,000,000,000,000,000,000,000",0,0
25,6,2021/6/23,2 Fengxian,440866,上海,12小时1分,5小时0分,32,0,1906.34,2682.5,776.16,2349.7,73.43,59.57,2597,85.5,0,0,447.46,119.0,40,83.2,85.5,0,0,1.0,0,142,106,0.3019,0.0923,0.6341,10,32,1.0,28,10,24,7.17,528.7,201.0,0,327.7,171.2,0.11,0.2,32,0,0,6,26,156,28,4,5,41,0,0,,0,,0,0
25,6,2021/6/23,8 Julu,500151743,上海,12小时1分,5小时0分,39,0,2079.93,2987.0,907.07,2521.9,64.66,53.33,2901,86.0,0,0,458.67,193.0,44,101.4,100.0,0,0,10.0,0,165,122,0.3115,0.1176,0.5556,8,39,1.0,29,11,36,5.75,701.5,263.1,0,438.4,255.4,0.14,0.18,38,0,0,8,30,126,27,0,4,39,0,0,,1,5.03E+18,1,0
25,6,2021/6/23,QD 1,501475047,青岛,11小时1分,5小时0分,12,1,802.66,1067.0,258.92,1001.4,83.45,66.89,1044,23.0,0,0,153.92,65.0,16,24.0,0.0,0,0,0.0,0,113,98,0.1224,0.0581,0.5833,6,12,1.0,4,1,12,9.54,107.0,2.0,0,105.0,90.0,0.09,0.12,12,0,0,5,7,123,15,0,2,33,0,0,,4,"2,153,517,831,106,460,000,000,000,000,000,000,000,000,000,000,000,000,000,000,000,000,000,000,000,000",0,0
25,6,2021/6/23,9 CS,501879439,上海,12小时1分,5小时0分,22,0,1084.51,1520.5,435.99,1424.0,64.73,49.3,1475,45.5,0,0,240.39,115.0,20,34.0,17.6,0,0,9.0,0,205,180,0.1222,0.0449,0.625,8,22,1.0,9,5,17,7.63,227.0,40.4,0,186.6,103.0,0.11,0.12,22,0,0,7,15,77,18,0,1,39,0,0,,3,"502,927,782,892,992,000,000,000,000,000,000,000,000,000,000,000,000,000,000",1,0
25,6,2021/6/23,10 CX,502017105,上海,12小时1分,5小时0分,23,0,1194.09,1708.5,514.41,1490.9,64.82,51.92,1660,48.5,0,0,262.16,137.0,36,59.8,18.95,0,0,0.5,0,243,200,0.115,0.0508,0.6087,8,23,1.0,15,9,23,5.92,357.6,105.85,0,251.75,184.8,0.14,0.2,23,0,0,9,14,72,19,0,3,39,0,0,,0,,0,0
25,6,2021/6/23,4 Zunyi,777435,上海,12小时1分,5小时0分,38,2,2174.83,2991.0,816.17,2634.5,69.33,57.23,2894,97.0,0,0,479.87,97.0,56,98.8,84.0,0,0,0.5,0,146,109,0.3303,0.1231,0.6364,8,38,1.0,27,14,33,7.85,570.0,234.2,0,335.8,224.8,0.1,0.14,36,0,0,8,28,135,23,5,3,39,0,0,,3,"502,926,005,613,718,000,000,000,000,000,000,000,000,000,000,000,000,000,000",0,0
25,6,2021/6/23,3 Pudong,927104,上海,12小时1分,5小时0分,60,0,3376.66,4746.5,1369.84,4103.5,68.39,56.28,4604,142.5,0,0,741.24,170.1,120,156.0,182.0,0,0,0.5,0,334,244,0.2418,0.1294,0.5,9,60,1.0,50,30,49,6.53,1056.3,428.2,0,628.1,376.1,0.12,0.19,59,0,0,22,37,171,36,8,3,39,0,0,,4,"5,029,298,004,110,910,000,000,000,000,000,000,000,000,000,000,000,000,000,000,000,000,000,000,000,000",0,0
25,6,2021/6/24,6 Gubei,170435679,上海,12小时1分,5小时0分,31,0,1598.4,2212.0,613.6,1944.2,62.72,51.56,2141,71.0,0,0,350.8,51.2,40,80.6,91.0,0,0,0.0,0,133,93,0.3333,0.1667,0.5641,8,31,1.0,28,10,28,7.4,480.2,217.4,0,262.8,131.8,0.11,0.19,31,0,0,9,22,122,23,0,3,34,0,0,,0,,0,0
25,6,2021/6/24,5 TS,170483226,上海,11小时52分,5小时0分,31,0,2047.52,2826.0,778.48,2500.1,80.65,66.05,2742,84.0,0,0,481.28,89.1,40,80.6,83.5,0,0,4.0,0,197,142,0.2183,0.1111,0.5588,5,31,1.0,27,10,26,8.53,524.9,231.7,0,293.2,170.7,0.1,0.18,31,0,0,12,19,163,22,0,2,33,0,0,,2,"50,293,472,678,809,400,000,000,000,000,000,000,000",0,0
25,6,2021/6/24,7 Magnolia,2000261656,上海,11小时1分,4小时30分,34,0,1794.15,2530.5,736.35,2149.1,63.21,52.77,2452,78.5,0,0,421.05,83.4,32,88.4,111.0,0,0,0.5,0,112,98,0.3367,0.0926,0.6364,6,34,1.0,31,8,31,6.83,590.6,275.8,0,314.8,160.8,0.11,0.19,33,0,0,5,28,101,20,0,4,31,0,0,,2,"50,293,584,702,796,500,000,000,000,000,000,000,000",0,0
25,6,2021/6/24,2 Fengxian,440866,上海,12小时1分,5小时0分,42,0,2090.63,3031.0,940.37,2495.6,59.42,49.78,2931,100.0,0,0,491.17,159.0,56,109.2,122.5,0,0,2.5,0,168,124,0.3387,0.1467,0.6327,10,42,1.0,38,14,39,5.59,781.3,334.6,0,446.7,230.2,0.14,0.22,42,0,0,11,31,156,27,4,5,41,0,0,,1,5.03E+18,0,0
25,6,2021/6/24,8 Julu,500151743,上海,12小时1分,5小时0分,38,2,2177.38,3164.5,917.5,2589.0,68.13,57.3,3067,97.5,0,0,494.4,147.2,64,101.4,110.0,0,0,0.5,0,171,131,0.2977,0.1733,0.4643,8,38,1.0,33,16,36,6.39,694.4,289.4,0,405.0,189.0,0.12,0.19,39,0,0,13,26,126,29,1,4,39,0,0,,2,"50,293,675,560,900,300,000,000,000,000,000,000,000",0,0
25,6,2021/6/24,QD 1,501475047,青岛,11小时1分,5小时0分,5,0,246.12,331.0,84.88,300.5,60.1,49.22,324,7.0,0,0,46.88,14.0,14,10.0,0.0,0,0,0.0,0,107,84,0.0595,0.04,0.2222,6,5,1.0,1,2,5,7.91,48.0,10.0,0,38.0,34.0,0.11,0.13,5,0,0,3,2,123,7,0,2,33,0,0,,0,,0,0
25,6,2021/6/24,9 CS,501879439,上海,12小时1分,5小时0分,19,0,914.33,1282.0,367.67,1230.3,64.75,48.12,1238,44.0,0,0,203.57,100.0,16,26.0,9.6,0,0,12.5,0,265,215,0.0884,0.0372,0.4444,8,18,0.9474,3,4,13,7.62,177.0,25.4,0,151.6,121.0,0.11,0.11,19,0,0,7,12,77,13,0,1,39,0,0,,0,,0,0
25,6,2021/6/24,10 CX,502017105,上海,12小时1分,5小时0分,18,0,1071.74,1540.0,468.26,1254.78,69.71,59.54,1494,46.0,0,0,235.32,138.0,24,46.8,23.64,0,0,0.5,0,207,170,0.1,0.0544,0.3913,8,18,1.0,13,6,18,5.4,393.22,160.78,0,232.44,160.8,0.14,0.2,17,0,0,8,9,72,15,0,3,39,0,0,,1,5.03E+18,0,0
25,6,2021/6/24,4 Zunyi,777435,上海,12小时1分,5小时0分,61,0,3097.81,4378.0,1280.19,3716.5,60.93,50.78,4242,136.0,0,0,682.09,157.0,108,158.6,171.5,0,0,3.0,0,192,151,0.404,0.1739,0.7627,8,61,1.0,51,27,45,6.25,1061.3,466.2,0,595.1,372.6,0.12,0.21,61,0,0,16,45,135,29,5,3,39,0,0,,4,"5,029,399,259,659,530,000,000,000,000,000,000,000,000,000,000,000,000,000,000,000,000,000,000,000,000",1,0
25,6,2021/6/24,3 Pudong,927104,上海,12小时1分,5小时0分,63,1,3391.6,4736.0,1344.4,4533.4,71.96,53.83,4586,150.0,0,0,746.1,219.7,120,158.6,99.5,0,0,0.5,0,305,237,0.2616,0.122,0.5753,9,63,1.0,49,30,50,6.71,1013.5,337.8,0,675.7,510.7,0.12,0.19,62,0,0,20,42,171,30,8,3,39,0,0,,4,"5,029,380,752,108,510,000,000,000,000,000,000,000,000,000,000,000,000,000,000,000,000,000,000,000,000",0,0
25,6,2021/6/25,6 Gubei,170435679,上海,11小时31分,5小时0分,30,0,1603.51,2213.5,609.99,1998.8,66.63,53.45,2142,71.5,0,0,352.59,47.4,40,78.0,89.0,0,0,3.0,0,124,91,0.3187,0.1111,0.6216,8,30,1.0,25,10,26,7.86,448.4,194.0,0,254.4,128.4,0.1,0.17,29,0,0,6,23,125,28,0,3,38,0,0,,0,,0,0
25,6,2021/6/25,5 TS,170483226,上海,12小时1分,5小时0分,48,1,2441.36,3556.0,1037.78,3048.6,63.51,50.86,3440,116.0,0,0,591.28,140.2,56,124.8,123.5,0,0,2.0,0,213,162,0.2963,0.1101,0.6792,6,48,1.0,42,14,44,6.86,801.6,357.1,0,444.5,261.0,0.12,0.2,48,0,0,12,36,166,29,1,2,34,0,0,,3,"502,943,619,540,518,000,000,000,000,000,000,000,000,000,000,000,000,000,000",0,0
25,6,2021/6/25,7 Magnolia,2000261656,上海,11小时1分,4小时30分,32,0,1879.14,2577.5,698.36,2303.0,71.97,58.72,2493,84.5,0,0,441.56,58.6,32,83.2,80.0,0,0,3.0,0,93,81,0.3951,0.1,0.6829,6,32,1.0,28,8,31,9.07,466.1,212.3,0,253.8,130.8,0.09,0.17,32,0,0,4,28,101,30,0,4,31,0,0,,0,,0,0
25,6,2021/6/25,2 Fengxian,440866,上海,12小时1分,5小时0分,44,1,2544.22,3572.0,1027.78,3235.2,73.53,57.82,3459,113.0,0,0,600.38,154.0,56,114.4,88.0,0,0,15.0,0,140,108,0.4074,0.1373,0.6491,10,44,1.0,37,14,38,7.84,588.6,176.2,0,412.4,228.4,0.11,0.19,44,0,0,7,37,156,31,4,5,41,0,0,,3,"502,948,889,970,380,000,000,000,000,000,000,000,000,000,000,000,000,000,000",1,0
25,6,2021/6/25,8 Julu,500151743,上海,12小时1分,5小时0分,38,0,2331.02,3166.5,905.1,2775.6,73.04,61.34,3073,93.5,0,0,497.3,181.0,48,98.8,75.5,0,0,4.5,0,143,114,0.3246,0.1486,0.65,8,38,1.0,31,12,36,6.88,619.0,215.7,0,403.3,226.8,0.12,0.17,37,0,0,11,26,124,25,0,4,39,0,0,,0,,0,0
25,6,2021/6/25,QD 1,501475047,青岛,11小时1分,5小时0分,11,0,587.16,788.0,200.84,729.7,66.34,53.38,768,20.0,0,0,111.84,40.0,27,22.0,0.0,0,0,0.0,0,112,96,0.1146,0.0494,0.4667,6,11,1.0,4,4,11,8.2,96.0,7.0,0,89.0,73.0,0.11,0.14,11,0,0,4,7,123,11,0,2,33,0,0,,0,,0,0
25,6,2021/6/25,9 CS,501879439,上海,11小时31分,5小时0分,23,0,1462.99,2023.0,560.01,1850.5,80.46,63.61,1962,61.0,0,0,321.71,147.0,32,36.0,20.8,0,0,2.5,0,257,220,0.1045,0.0606,0.5,8,23,1.0,15,8,18,7.85,310.0,74.2,0,235.8,110.0,0.11,0.13,23,0,0,12,11,77,25,0,1,39,0,0,,2,"50,294,912,926,214,700,000,000,000,000,000,000,000",0,0
25,6,2021/6/25,10 CX,502017105,上海,12小时1分,5小时0分,21,0,900.27,1313.0,412.73,1096.3,52.2,42.87,1272,41.0,0,0,199.02,93.0,44,54.6,21.61,0,0,0.5,0,255,201,0.1045,0.0447,0.5909,8,21,1.0,20,11,21,5.14,339.2,125.99,0,213.21,135.6,0.15,0.37,21,0,0,8,13,72,15,0,3,39,0,0,,0,,0,0
25,6,2021/6/25,4 Zunyi,777435,上海,10小时54分,3小时53分,31,1,1785.58,2478.5,692.92,2169.7,69.99,57.6,2403,75.5,0,0,392.32,92.0,60,80.6,66.0,0,0,2.0,0,112,84,0.369,0.122,0.6047,8,31,1.0,24,15,25,7.27,509.1,210.5,0,298.6,208.6,0.11,0.19,31,0,0,5,26,135,17,5,3,39,1,0,,5,"50,294,966,060,663,600,000,000,000,000,000,000,000,000,000,000,000,000,000,000,000,000,000,000,000,000,000,000,000,000,000,000",0,0
25,6,2021/6/25,3 Pudong,927104,上海,12小时1分,5小时0分,41,2,2901.02,4103.5,1102.86,3510.7,85.63,70.76,3964,139.5,0,0,660.16,229.8,48,114.4,50.5,0,0,0.0,1,273,208,0.1923,0.0652,0.4429,9,41,1.0,32,11,32,9.88,451.0,95.8,0,355.2,260.2,0.09,0.21,40,0,0,9,31,170,29,8,3,39,0,0,,4,"5,029,447,198,054,500,000,000,000,000,000,000,000,000,000,000,000,000,000,000,000,000,000,000,000,000",0,0
25,6,2021/6/26,6 Gubei,170435679,上海,12小时1分,5小时0分,23,0,1875.55,2489.5,613.95,2346.6,102.03,81.55,2407,82.5,0,0,411.65,39.0,16,59.8,87.5,0,0,0.0,0,116,82,0.2805,0.1154,0.5667,8,23,1.0,23,4,20,11.6,337.8,135.5,0,202.3,75.8,0.08,0.22,23,0,0,6,17,125,25,0,3,38,0,0,,0,,0,0
25,6,2021/6/26,5 TS,170483226,上海,11小时47分,4小时52分,29,0,1972.65,2737.0,764.35,2499.0,86.17,68.02,2646,91.0,0,0,463.25,116.2,36,75.4,71.5,0,0,2.0,0,155,135,0.2148,0.125,0.5161,5,29,1.0,22,9,23,8.36,430.8,131.7,0,299.1,191.6,0.1,0.18,29,0,0,13,16,165,27,0,2,33,0,0,,1,5.03E+18,0,0
25,6,2021/6/26,7 Magnolia,2000261656,上海,11小时1分,4小时30分,29,1,1850.47,2565.5,715.03,2310.8,79.68,63.81,2484,81.5,0,0,434.23,80.4,28,75.4,96.5,0,0,0.5,0,98,85,0.3412,0.1333,0.575,6,29,1.0,26,7,27,8.24,430.4,150.1,0,280.3,143.8,0.1,0.17,29,0,0,6,23,101,31,0,4,31,0,0,,0,,1,0
25,6,2021/6/26,2 Fengxian,440866,上海,12小时1分,5小时0分,39,0,2197.56,3096.0,898.44,2808.9,72.02,56.35,3001,95.0,0,0,517.54,174.0,20,101.4,77.0,0,0,8.5,0,106,90,0.4111,0.1333,0.6889,10,39,1.0,31,5,30,7.54,521.8,149.4,0,372.4,220.4,0.11,0.18,37,0,0,6,31,156,27,4,5,41,0,0,,1,5.03E+18,0,0
25,6,2021/6/26,8 Julu,500151743,上海,12小时1分,5小时0分,31,0,2317.5,3236.5,919.0,2876.9,92.8,74.76,3145,91.5,0,0,510.4,228.0,28,80.6,64.0,0,0,8.0,0,126,97,0.3196,0.2188,0.5152,8,31,1.0,22,7,28,7.18,563.5,162.9,0,400.6,263.6,0.12,0.14,31,0,0,14,17,127,24,0,5,39,0,0,,0,,0,0
25,6,2021/6/26,QD 1,501475047,青岛,11小时1分,5小时0分,4,0,188.16,259.0,70.84,235.8,58.95,47.04,254,5.0,0,0,35.84,21.0,6,8.0,0.0,0,0,0.0,0,98,82,0.0488,0.0411,0.1111,6,4,1.0,0,1,4,6.74,37.0,2.0,0,35.0,35.0,0.13,0.13,4,0,0,3,1,123,6,0,2,33,0,0,,0,,0,0
25,6,2021/6/26,9 CS,501879439,上海,12小时1分,5小时0分,20,0,1126.18,1577.0,450.82,1466.6,73.33,56.31,1530,47.0,0,0,249.42,107.0,36,36.0,12.4,0,0,10.0,0,196,168,0.119,0.0417,0.5833,8,20,1.0,8,9,18,7.66,227.0,35.6,0,191.4,119.0,0.11,0.12,20,0,0,6,14,77,18,0,1,39,0,0,,0,,0,0
25,6,2021/6/26,10 CX,502017105,上海,12小时1分,5小时0分,26,0,1599.37,2246.0,646.63,2022.4,77.78,61.51,2176,70.0,0,0,354.92,139.0,52,67.6,32.61,0,0,0.5,0,238,178,0.1461,0.0449,0.8636,8,26,1.0,22,13,26,6.94,376.1,84.89,0,291.21,178.6,0.12,0.28,26,0,0,7,19,72,19,0,3,39,0,0,,1,5.03E+18,0,0
25,6,2021/6/26,4 Zunyi,777435,上海,12小时1分,5小时0分,27,0,1515.23,2076.0,560.77,1877.7,69.54,56.12,2009,67.0,0,0,332.77,52.0,40,65.0,70.0,0,0,1.0,0,147,100,0.27,0.0909,0.4889,8,25,0.9259,22,10,22,7.65,365.0,138.0,0,227.0,135.0,0.11,0.23,27,0,0,5,22,135,23,5,3,39,0,0,,4,"5,029,570,921,113,640,000,000,000,000,000,000,000,000,000,000,000,000,000,000,000,000,000,000,000,000",0,0
25,6,2021/6/26,3 Pudong,927104,上海,12小时1分,5小时0分,53,2,3584.24,5034.0,1416.63,4543.4,85.72,67.63,4885,149.0,0,0,795.83,254.4,96,140.4,128.5,0,0,1.5,1,283,221,0.2398,0.1039,0.5522,9,53,1.0,39,23,32,7.48,867.2,259.5,0,607.7,421.2,0.11,0.16,53,0,0,16,37,170,35,8,3,39,0,0,,2,"50,295,311,602,778,900,000,000,000,000,000,000,000",0,0
25,6,2021/6/27,6 Gubei,170435679,上海,12小时1分,5小时0分,34,1,2605.6,3482.5,876.9,3158.9,92.91,76.64,3378,104.5,0,0,571.9,79.6,20,88.4,117.0,0,0,0.0,0,113,89,0.382,0.1154,0.7568,8,34,1.0,30,5,30,10.36,566.3,261.3,0,305.0,140.0,0.08,0.12,34,0,0,6,28,125,25,0,3,38,0,0,,2,"50,296,774,716,102,200,000,000,000,000,000,000,000",0,0
25,6,2021/6/27,5 TS,170483226,上海,11小时25分,4小时57分,42,0,2633.06,3666.0,1032.94,3287.7,78.28,62.69,3548,118.0,0,0,618.44,160.3,36,109.2,106.0,0,0,3.0,0,186,138,0.2971,0.1386,0.7297,5,42,1.0,34,9,30,7.99,687.4,275.9,0,411.5,256.5,0.1,0.16,41,0,0,14,27,165,28,0,2,33,0,0,,2,"50,296,418,951,546,000,000,000,000,000,000,000,000",1,0
25,6,2021/6/27,7 Magnolia,2000261656,上海,11小时1分,4小时30分,31,0,1955.84,2680.5,724.66,2395.1,77.26,63.09,2593,87.5,0,0,458.86,49.2,32,80.6,104.0,0,0,0.0,0,130,97,0.3196,0.0847,0.6842,6,31,1.0,28,8,28,9.01,467.7,201.9,0,265.8,117.8,0.09,0.17,31,0,0,5,26,101,28,0,4,31,0,0,,3,"502,968,466,533,651,000,000,000,000,000,000,000,000,000,000,000,000,000,000",0,0
25,6,2021/6/27,2 Fengxian,440866,上海,12小时1分,5小时0分,32,0,2232.69,3088.5,855.81,2824.3,88.26,69.77,2996,92.5,0,0,525.91,133.2,32,83.2,72.5,0,0,9.0,0,124,98,0.3265,0.2105,0.4878,10,32,1.0,24,8,31,8.8,474.0,153.1,0,320.9,185.4,0.1,0.14,32,0,0,12,20,156,34,4,5,41,1,0,,0,,0,0
25,6,2021/6/27,8 Julu,500151743,上海,12小时1分,5小时0分,41,0,2525.95,3537.0,1011.05,3034.79,74.02,61.61,3429,108.0,0,0,555.05,210.4,28,106.6,108.0,0,0,3.0,0,126,103,0.3981,0.1961,0.5962,8,41,1.0,31,7,37,6.7,759.91,306.91,0,453.0,247.0,0.12,0.14,41,0,0,10,31,127,26,0,5,39,0,0,,1,5.03E+18,0,0
25,6,2021/6/27,QD 1,501475047,青岛,11小时1分,5小时0分,6,0,314.16,429.0,114.84,392.7,65.45,52.36,419,10.0,0,0,59.84,33.0,10,12.0,0.0,0,0,0.0,0,66,49,0.1224,0.0476,0.5714,6,6,1.0,1,2,6,7.14,57.0,2.0,0,55.0,52.0,0.12,0.13,6,0,0,2,4,123,11,0,2,33,0,0,,0,,0,0
25,6,2021/6/27,9 CS,501879439,上海,12小时1分,5小时0分,18,0,1370.67,1936.5,565.83,1736.5,96.47,76.15,1885,51.5,0,0,302.33,173.0,28,24.0,32.0,0,0,6.5,0,202,171,0.1053,0.0483,0.4231,8,18,1.0,12,7,12,6.76,321.0,64.0,0,257.0,135.0,0.12,0.14,18,0,0,7,11,77,26,0,1,39,0,0,,3,"502,964,664,231,832,000,000,000,000,000,000,000,000,000,000,000,000,000,000",0,0
25,6,2021/6/27,10 CX,502017105,上海,12小时1分,5小时0分,11,1,594.51,843.0,248.49,736.4,66.95,54.05,817,26.0,0,0,132.26,42.0,20,28.6,24.63,0,0,1.0,0,274,227,0.0485,0.0144,0.4211,8,11,1.0,10,5,11,6.39,173.6,58.37,0,115.23,50.6,0.13,0.25,11,0,0,3,8,72,11,0,3,39,0,0,,0,,0,0
25,6,2021/6/27,4 Zunyi,777435,上海,12小时1分,5小时0分,30,0,1656.09,2312.5,656.41,2068.5,68.95,55.2,2240,72.5,0,0,364.01,102.0,40,75.4,72.5,0,0,2.5,0,142,109,0.2752,0.1061,0.5349,8,29,0.9667,22,10,21,6.94,443.7,153.8,0,289.9,195.4,0.12,0.17,30,0,0,7,23,135,25,5,3,39,0,0,,3,"502,967,616,159,498,000,000,000,000,000,000,000,000,000,000,000,000,000,000",0,0
25,6,2021/6/27,3 Pudong,927104,上海,12小时1分,5小时0分,41,0,3299.42,4521.0,1221.58,4189.4,102.18,80.47,4392,129.0,0,0,724.38,240.1,60,106.6,89.5,0,0,1.0,0,271,215,0.1907,0.1111,0.3871,9,41,1.0,26,15,24,8.44,734.2,238.0,0,496.2,366.7,0.1,0.14,41,0,0,17,24,170,35,8,3,39,0,0,,4,"5,029,677,006,655,040,000,000,000,000,000,000,000,000,000,000,000,000,000,000,000,000,000,000,000,000",0,0
26,6,2021/6/28,6 Gubei,170435679,上海,12小时1分,5小时0分,27,0,1687.14,2318.5,631.36,2090.5,77.43,62.49,2244,74.5,0,0,371.46,58.2,40,70.2,91.5,0,0,0.0,0,97,73,0.3699,0.1429,0.6774,8,27,1.0,25,10,23,8.04,458.2,198.3,0,259.9,130.4,0.1,0.25,27,0,0,6,21,125,26,0,3,38,0,0,,1,5.03E+18,1,0
26,6,2021/6/28,5 TS,170483226,上海,11小时43分,4小时42分,39,1,1807.71,2597.0,782.62,2233.2,57.26,46.35,2512,85.0,0,0,426.12,85.1,56,101.4,112.0,0,0,2.0,0,178,135,0.2815,0.1127,0.4688,5,39,1.0,35,14,33,6.3,615.6,261.1,0,354.5,197.5,0.12,0.22,38,0,0,8,30,165,25,0,2,33,0,0,,3,"502,972,550,383,167,000,000,000,000,000,000,000,000,000,000,000,000,000,000",1,0
26,6,2021/6/28,7 Magnolia,2000261656,上海,11小时1分,4小时30分,35,0,1828.67,2567.0,738.33,2209.2,63.12,52.25,2490,77.0,0,0,429.13,70.2,32,91.0,115.5,0,0,0.5,0,93,77,0.4545,0.1795,0.7368,6,35,1.0,33,8,33,7.16,566.3,257.6,0,308.7,143.2,0.11,0.2,35,0,0,7,28,100,29,0,4,31,0,0,,2,"50,297,265,529,613,300,000,000,000,000,000,000,000",0,0
26,6,2021/6/28,2 Fengxian,440866,上海,12小时1分,5小时0分,32,0,1643.06,2346.0,702.94,1985.4,62.04,51.35,2269,77.0,0,0,386.74,97.0,16,83.2,114.5,0,0,5.5,0,124,100,0.32,0.0652,0.537,10,32,1.0,31,4,29,6.39,554.5,243.8,0,310.7,119.2,0.12,0.16,32,0,0,3,29,156,25,4,5,41,0,0,,1,5.03E+18,0,0
26,6,2021/6/28,8 Julu,500151743,上海,12小时1分,5小时0分,30,0,1782.88,2498.5,715.62,2161.8,72.06,59.43,2416,82.5,0,0,391.62,136.0,24,78.0,84.5,0,0,1.5,0,117,97,0.299,0.1017,0.6053,8,30,1.0,25,6,29,6.7,518.0,195.5,0,322.5,153.0,0.12,0.17,29,0,0,6,23,126,27,0,5,38,0,0,,2,"50,297,730,780,520,500,000,000,000,000,000,000,000",0,0
26,6,2021/6/28,QD 1,501475047,青岛,11小时1分,5小时0分,5,0,276.36,383.0,106.64,344.9,68.98,55.27,377,6.0,0,0,52.64,34.0,10,10.0,0.0,0,0,0.0,0,79,68,0.0735,0.0161,0.6667,6,5,1.0,1,2,5,6.39,56.1,2.1,0,54.0,50.0,0.13,0.16,5,0,0,1,4,123,3,0,2,33,0,0,,0,,0,0
26,6,2021/6/28,9 CS,501879439,上海,12小时1分,5小时0分,12,0,594.72,847.5,252.78,802.4,66.87,49.56,820,27.5,0,0,133.08,65.0,12,18.0,13.2,0,0,11.5,0,208,177,0.0678,0.0265,0.3077,8,12,1.0,5,3,9,7.42,133.0,24.8,0,108.2,65.0,0.12,0.12,12,0,0,4,8,77,13,0,1,39,0,0,,3,"502,978,373,369,823,000,000,000,000,000,000,000,000,000,000,000,000,000,000",0,0
26,6,2021/6/28,10 CX,502017105,上海,12小时1分,5小时0分,21,1,1169.63,1679.5,509.87,1470.3,70.01,55.7,1629,50.5,0,0,256.8,136.0,44,54.6,17.97,0,0,0.5,0,212,166,0.1265,0.0743,0.5556,8,21,1.0,18,11,21,5.82,350.2,97.63,0,252.57,170.6,0.14,0.25,21,0,0,11,10,72,19,0,3,39,0,0,,2,"50,297,792,555,487,300,000,000,000,000,000,000,000",1,0
26,6,2021/6/28,4 Zunyi,777435,上海,12小时1分,5小时0分,32,0,1378.02,1987.0,608.98,1603.6,50.11,43.06,1915,72.0,0,0,302.78,58.0,56,83.2,107.5,0,0,1.5,0,117,94,0.3404,0.1091,0.6667,8,32,1.0,28,14,24,5.26,581.8,277.1,0,304.7,169.2,0.14,0.19,32,0,0,6,26,135,22,5,3,39,0,0,,3,"502,976,247,857,601,000,000,000,000,000,000,000,000,000,000,000,000,000,000",0,0
26,6,2021/6/28,3 Pudong,927104,上海,12小时1分,5小时0分,59,0,3165.14,4474.0,1308.86,3801.7,64.44,53.65,4337,137.0,0,0,694.86,160.1,120,153.4,179.5,0,0,1.0,0,310,212,0.2736,0.1159,0.5676,9,59,1.0,52,30,47,6.2,1070.9,457.9,0,613.0,363.5,0.13,0.21,58,0,0,16,42,170,31,8,3,39,0,0,,5,"50,297,154,688,336,900,000,000,000,000,000,000,000,000,000,000,000,000,000,000,000,000,000,000,000,000,000,000,000,000,000,000",0,0
26,6,2021/6/29,6 Gubei,170435679,上海,12小时1分,5小时0分,38,0,2716.17,3613.0,928.73,3363.0,88.5,71.48,3503,110.0,0,0,590.33,100.6,52,98.8,87.0,0,0,0.0,0,161,118,0.322,0.1299,0.6829,8,38,1.0,32,13,31,9.94,559.6,221.2,0,338.4,202.4,0.09,0.2,38,0,0,10,28,125,33,0,3,38,0,0,,2,"50,298,731,816,600,700,000,000,000,000,000,000,000",0,0
26,6,2021/6/29,5 TS,170483226,上海,12小时1分,5小时0分,48,0,2315.18,3305.5,990.32,2899.7,60.41,48.23,3200,105.5,0,0,545.82,184.2,44,124.8,85.0,0,0,6.5,0,228,183,0.2568,0.08,0.6379,5,48,1.0,35,11,43,6.62,699.3,261.3,0,438.0,309.0,0.12,0.18,47,0,0,10,37,165,27,0,2,33,0,0,,1,5.03E+18,0,0
26,6,2021/6/29,7 Magnolia,2000261656,上海,10小时52分,4小时30分,23,1,1311.42,1788.0,476.58,1635.9,71.13,57.02,1736,52.0,0,0,307.78,32.0,28,59.8,48.5,0,0,0.5,0,104,79,0.2911,0.1273,0.6667,6,23,1.0,22,7,23,9.72,287.0,118.7,0,168.3,87.8,0.09,0.27,23,0,0,7,16,101,19,0,4,31,0,0,,0,,0,0
26,6,2021/6/29,2 Fengxian,440866,上海,12小时1分,5小时0分,42,0,2244.92,3167.5,922.58,2777.1,66.12,53.45,3069,98.5,0,0,527.38,130.0,52,109.2,101.0,0,0,3.0,0,128,101,0.4158,0.186,0.5862,10,42,1.0,36,13,38,7.08,641.6,249.4,0,392.2,204.2,0.11,0.18,42,0,0,8,34,156,32,4,5,41,0,0,,0,,0,0
26,6,2021/6/29,8 Julu,500151743,上海,12小时1分,5小时0分,37,0,2257.43,3149.0,891.57,2792.2,75.46,61.01,3050,99.0,0,0,495.67,192.2,24,96.2,82.5,0,0,1.0,0,148,119,0.3109,0.1061,0.566,8,37,1.0,29,6,34,7.07,595.2,200.3,0,394.9,187.4,0.12,0.15,37,0,0,7,30,126,27,0,5,38,0,0,,2,"50,298,541,019,474,000,000,000,000,000,000,000,000",0,0
26,6,2021/6/29,QD 1,501475047,青岛,11小时1分,5小时0分,8,0,571.2,751.0,179.8,705.6,88.2,71.4,736,15.0,0,0,108.8,41.0,14,16.0,0.0,0,0,0.0,0,97,80,0.1,0.0303,0.4286,6,8,1.0,3,2,8,9.94,73.5,2.5,0,71.0,60.0,0.09,0.12,8,0,0,2,6,123,12,0,2,33,0,0,,0,,0,0
26,6,2021/6/29,9 CS,501879439,上海,12小时1分,5小时0分,11,0,599.64,835.0,235.36,787.4,71.58,54.51,809,26.0,0,0,132.86,51.0,20,16.0,10.0,0,0,5.5,0,203,173,0.0636,0.0199,0.3636,8,11,1.0,7,5,8,8.12,122.0,25.0,0,97.0,39.0,0.11,0.11,11,0,0,3,8,77,13,0,1,39,0,0,,2,"50,298,698,405,110,300,000,000,000,000,000,000,000",0,0
26,6,2021/6/29,10 CX,502017105,上海,12小时1分,5小时0分,16,0,759.64,1082.0,322.36,952.9,59.56,47.48,1048,34.0,0,0,168.49,77.0,24,41.6,11.27,0,0,0.0,0,216,169,0.0947,0.0263,0.7059,8,16,1.0,13,6,16,6.19,227.6,73.73,0,153.87,110.6,0.13,0.21,16,0,0,4,12,72,12,0,3,39,0,0,,0,,0,0
26,6,2021/6/29,4 Zunyi,777435,上海,10小时47分,3小时46分,34,1,1709.55,2415.5,705.95,2088.8,61.44,50.28,2340,75.5,0,0,375.55,121.0,44,88.4,75.5,0,0,1.5,0,185,125,0.272,0.1282,0.5106,8,34,1.0,24,11,29,6.35,530.2,201.3,0,328.9,229.4,0.13,0.16,34,0,0,10,24,135,24,5,3,39,0,0,,4,"5,029,819,290,457,360,000,000,000,000,000,000,000,000,000,000,000,000,000,000,000,000,000,000,000,000",0,0
26,6,2021/6/29,3 Pudong,927104,上海,12小时1分,5小时0分,64,2,3751.52,5245.5,1493.98,4609.0,72.02,58.62,5080,165.5,0,0,823.78,233.3,120,166.4,148.5,0,0,2.0,0,285,224,0.2857,0.1497,0.5455,9,64,1.0,51,30,54,6.9,1076.0,407.8,0,668.2,447.7,0.12,0.2,64,0,0,22,42,170,36,8,3,39,0,0,,2,"50,298,151,535,984,100,000,000,000,000,000,000,000",0,0
26,6,2021/6/30,6 Gubei,170435679,上海,12小时1分,5小时0分,30,0,1632.62,2234.5,601.88,2034.23,67.81,54.42,2168,66.5,0,0,358.98,89.4,4,78.0,68.5,0,0,3.0,0,123,93,0.3118,0.037,0.6923,8,30,1.0,26,1,25,8.48,428.77,188.87,0,239.9,133.4,0.1,0.16,29,0,0,2,27,124,21,0,3,38,0,0,,1,5.03E+18,0,0
26,6,2021/6/30,5 TS,170483226,上海,12小时1分,5小时0分,31,0,1696.2,2365.5,669.3,2110.3,68.07,54.72,2292,73.5,0,0,398.2,110.0,32,80.6,47.5,0,0,1.0,0,223,174,0.1782,0.0894,0.3922,5,31,1.0,23,8,27,7.81,439.4,169.3,0,270.1,192.6,0.11,0.15,31,0,0,11,20,165,23,0,2,33,0,0,,2,"50,299,647,985,471,900,000,000,000,000,000,000,000",0,0
26,6,2021/6/30,7 Magnolia,2000261656,上海,11小时1分,4小时30分,34,0,1833.88,2534.0,700.12,2297.2,67.56,53.94,2452,82.0,0,0,430.72,89.0,20,88.4,70.0,0,0,2.0,0,107,90,0.3778,0.1373,0.6923,6,34,1.0,29,5,32,8.59,451.5,184.1,0,267.4,155.4,0.1,0.17,34,0,0,7,27,101,29,0,4,31,0,0,,1,5.03E+18,0,0
26,6,2021/6/30,2 Fengxian,440866,上海,12小时1分,5小时0分,34,2,1845.58,2636.0,745.42,2313.9,68.06,54.28,2551,85.0,0,0,444.02,110.0,16,88.4,85.0,0,0,2.0,0,136,114,0.2982,0.0938,0.56,10,34,1.0,31,4,30,7.73,524.3,224.9,0,299.4,134.4,0.11,0.16,34,0,0,6,28,156,24,4,5,41,0,0,,0,,0,0
26,6,2021/6/30,8 Julu,500151743,上海,12小时1分,5小时0分,35,0,2265.03,3128.0,862.97,2798.4,79.95,64.72,3033,95.0,0,0,497.57,187.4,16,91.0,69.0,0,0,2.0,0,134,100,0.35,0.1607,0.5909,8,35,1.0,26,4,32,7.7,547.5,184.1,0,363.4,209.4,0.11,0.14,35,0,0,9,26,126,32,0,5,38,0,0,,3,"502,992,802,860,223,000,000,000,000,000,000,000,000,000,000,000,000,000,000",0,0
26,6,2021/6/30,QD 1,501475047,青岛,11小时1分,5小时0分,6,0,336.0,471.0,135.0,418.2,69.7,56.0,463,8.0,0,0,64.0,50.0,11,10.0,0.0,0,0,0.0,0,106,87,0.069,0.025,0.5714,6,6,1.0,2,2,5,5.89,73.0,2.0,0,71.0,62.0,0.14,0.21,6,0,0,2,4,123,7,0,2,33,0,0,,0,,0,0
26,6,2021/6/30,9 CS,501879439,上海,12小时1分,5小时0分,19,2,1161.81,1633.5,453.12,1509.6,79.45,61.15,1585,48.5,0,0,259.12,122.0,16,34.0,22.0,0,0,0.0,0,188,165,0.1152,0.0544,0.6111,8,19,1.0,11,4,17,7.78,235.0,41.0,0,194.0,88.0,0.11,0.12,19,0,0,8,11,77,22,0,1,39,1,0,,1,5.03E+18,0,0
26,6,2021/6/30,10 CX,502017105,上海,12小时1分,5小时0分,16,0,710.25,1018.0,307.75,888.0,55.5,44.39,984,34.0,0,0,155.86,69.0,28,41.6,13.29,0,0,0.0,0,248,209,0.0766,0.0486,0.2917,8,16,1.0,14,7,16,5.85,227.0,75.11,0,151.89,98.6,0.14,0.26,16,0,0,9,7,72,16,0,3,39,0,0,,1,5.03E+18,1,0
26,6,2021/6/30,4 Zunyi,777435,上海,12小时1分,5小时0分,41,0,1902.67,2633.5,730.83,2338.3,57.03,46.41,2544,89.5,0,0,418.73,102.0,28,106.6,74.5,0,0,1.0,0,209,147,0.2789,0.0595,0.5714,8,41,1.0,32,7,33,7.52,538.6,227.5,0,311.1,204.6,0.11,0.18,41,0,0,5,36,135,28,5,3,39,0,0,,6,"502,995,284,521,687,000,000,000,000,000,000,000,000,000,000,000,000,000,000,000,000,000,000,000,000,000,000,000,000,000,000,000,000,000,000,000,000,000",0,0
26,6,2021/6/30,3 Pudong,927104,上海,12小时1分,5小时0分,57,0,3161.03,4371.5,1210.47,3949.8,69.29,55.46,4239,132.5,0,0,693.97,203.3,48,148.2,116.0,0,0,1.0,0,290,220,0.25,0.0966,0.5467,9,57,1.0,41,12,45,7.66,847.8,332.3,0,515.5,346.5,0.11,0.16,55,0,0,14,41,171,28,8,3,39,0,0,,3,"502,994,875,199,560,000,000,000,000,000,000,000,000,000,000,000,000,000,000",0,0
